scan,file,charge,SpectrumID,sequence
40412,20230731_002_S540563_ABB,2,73837,FALPQYLK
27585,20230731_002_S540563_ABB,2,49333,NAVPITPTLNR
31588,20230731_002_S540563_ABB,2,57235,ALNEINQFYQK
14072,20230731_002_S540563_ABB,2,23229,LIVTQTM[UNIMOD:35]K
31217,20230731_002_S540563_ABB,3,55874,TPEVDDEALEKFDK
12307,20230731_003_S540564_KBB_A3,2,19390,DP[UNIMOD:35]AEDLGAAPSGR
11252,20230731_003_S540564_KBB_A3,2,17364,DP[UNIMOD:35]AEDLGAAPSGR
13046,20230731_004_S540565_KBB_C4,2,21537,EAM[UNIMOD:35]QNLNDR
12752,20230731_004_S540565_KBB_C4,2,21250,EAM[UNIMOD:35]QNLNDR
15051,20230731_004_S540565_KBB_C4,2,25492,EAM[UNIMOD:35]QN[UNIMOD:7]LNDR
44880,20230731_004_S540565_KBB_C4,2,83573,YIPIQYVLSR
45710,20230731_004_S540565_KBB_C4,2,85382,SPAQILQWQVLSNTVPAK
45713,20230731_004_S540565_KBB_C4,3,85385,SPAQILQWQVLSNTVPAK
11515,20230731_004_S540565_KBB_C4,3,19044,HIQKEDVPSER
11793,20230731_004_S540565_KBB_C4,3,19315,HIQKEDVPSER
11234,20230731_004_S540565_KBB_C4,3,17770,HIQKEDVPSER
46828,20230731_004_S540565_KBB_C4,2,87472,FFVAPFPEVFGK
20058,20230731_004_S540565_KBB_C4,2,35374,TPEVDN[UNIMOD:7]EALEK
31276,20230731_004_S540565_KBB_C4,3,57311,TPEVDN[UNIMOD:7]EALEKFDK
28664,20230731_004_S540565_KBB_C4,2,51764,NAVPITPTLNR
32471,20230731_004_S540565_KBB_C4,2,59476,ALNEINQFYQK
40019,20230731_004_S540565_KBB_C4,2,73834,KP[UNIMOD:35]FPLLP[UNIMOD:35]SM[UNIMOD:35]ASR
39717,20230731_004_S540565_KBB_C4,2,73540,KP[UNIMOD:35]FPLLP[UNIMOD:35]SM[UNIMOD:35]ASR
9886,20230731_005_S540566_KBB_H5,2,15336,SQ[UNIMOD:7]GAP[UNIMOD:35]GIQGM[UNIMOD:35]P[UNIMOD:35]GER
11072,20230731_005_S540566_KBB_H5,2,17492,SQ[UNIMOD:7]GAP[UNIMOD:35]GIQ[UNIMOD:7]GM[UNIMOD:35]P[UNIMOD:35]GER
13110,20230731_005_S540566_KBB_H5,3,21478,GEPGPPGPAGATGPAGNP[UNIMOD:35]GADGQ[UNIMOD:7]P[UNIMOD:35]GAK
27521,20230731_005_S540566_KBB_H5,3,49496,GNDGATGAAGP[UNIMOD:35]P[UNIMOD:35]GSTGP[UNIMOD:35]AGPP[UNIMOD:35]GFP[UNIMOD:35]GAVGAK
23897,20230731_005_S540566_KBB_H5,2,41972,IGQPGAVGPAGIR
25628,20230731_005_S540566_KBB_H5,2,45651,IGQ[UNIMOD:7]PGAVGPAGIR
37473,20230731_005_S540566_KBB_H5,2,69187,GEVGLP[UNIMOD:35]GLSGPVGPP[UNIMOD:35]GNP[UNIMOD:35]GAN[UNIMOD:7]GLP[UNIMOD:35]GAK
25916,20230731_005_S540566_KBB_H5,2,45931,GEP[UNIMOD:35]GPVGAVGPAGAVGPR
14609,20230731_005_S540566_KBB_H5,2,23939,LIVTQTM[UNIMOD:35]K
19792,20230731_005_S540566_KBB_H5,2,33992,TPEVDDEALEK
32202,20230731_005_S540566_KBB_H5,3,59059,TPEVDDEALEKFDK
28418,20230731_005_S540566_KBB_H5,2,51370,NAVPITPTLNR
32503,20230731_005_S540566_KBB_H5,2,59352,ALNEINQFYQK
31828,20230731_005_S540566_KBB_H5,2,57694,QGVN[UNIMOD:7]PAP[UNIMOD:35]DGLR
31557,20230731_005_S540566_KBB_H5,2,57430,QGVN[UNIMOD:7]PAP[UNIMOD:35]DGLR
14477,20230731_008_S540567_KBB_H7,2,23201,GSSGEAGSAGPAGPP[UNIMOD:35]GLR
18519,20230731_028_S543000_KBB_J6,3,31907,GAPGADGPAGSPGSP[UNIMOD:35]GPQGIAGQR
12888,20230731_028_S543000_KBB_J6,2,21418,DP[UNIMOD:35]AEDLGAAPSGR
12360,20230731_028_S543000_KBB_J6,2,19905,DP[UNIMOD:35]AEDLGAAPSGR
35382,20230731_010_S540571_OAK_19-23,2,63455,GEVGLP[UNIMOD:35]GLSGPVGPP[UNIMOD:35]GNP[UNIMOD:35]GAN[UNIMOD:7]GLP[UNIMOD:35]GAK
35399,20230731_010_S540571_OAK_19-23,3,63470,GEVGLP[UNIMOD:35]GLSGPVGPP[UNIMOD:35]GNP[UNIMOD:35]GAN[UNIMOD:7]GLP[UNIMOD:35]GAK
20794,20230731_010_S540571_OAK_19-23,2,35427,IGQ[UNIMOD:7]P[UNIMOD:35]GAVGPAGIR
20775,20230731_010_S540571_OAK_19-23,2,35409,IGQ[UNIMOD:7]P[UNIMOD:35]GAVGPAGIR
19626,20230731_010_S540571_OAK_19-23,2,33289,TGEP[UNIMOD:35]GAAGPP[UNIMOD:35]GFVGEKGPSGEP[UNIMOD:35]G
19925,20230731_010_S540571_OAK_19-23,2,33580,TGEP[UNIMOD:35]GAAGPP[UNIMOD:35]GFVGEKGPSGEP[UNIMOD:35]G
22138,20230731_021_S542995_OAK_G14_2,2,39216,IGQ[UNIMOD:7]P[UNIMOD:35]GAVGPAGIR
17354,20230731_021_S542995_OAK_G14_2,3,29565,GAP[UNIMOD:35]GAVGAPGP[UNIMOD:35]AGAN[UNIMOD:7]GDRGEAGAAGPAGPAGPR
17632,20230731_021_S542995_OAK_G14_2,3,29836,GAP[UNIMOD:35]GAVGAPGP[UNIMOD:35]AGAN[UNIMOD:7]GDRGEAGAAGPAGPAGPR
13934,20230731_021_S542995_OAK_G14_2,2,23241,LIVTQTM[UNIMOD:35]K
25795,20230731_021_S542995_OAK_G14_2,3,45649,VLVLDTDYKK
19461,20230731_017_S542993_OAK_G18,2,33611,TGPP[UNIMOD:35]GP[UNIMOD:35]AGISGPP[UNIMOD:35]GPP[UNIMOD:35]GPAGK
18041,20230731_017_S542993_OAK_G18,2,31231,TGP[UNIMOD:35]P[UNIMOD:35]GP[UNIMOD:35]AGISGPP[UNIMOD:35]GPP[UNIMOD:35]GPAGK
23299,20230731_017_S542993_OAK_G18,2,41315,IGQPGAVGPAGIR
25031,20230731_017_S542993_OAK_G18,2,43933,IGQ[UNIMOD:7]PGAVGPAGIR
17565,20230731_017_S542993_OAK_G18,3,29767,GAP[UNIMOD:35]GAVGAP[UNIMOD:35]GPAGAN[UNIMOD:7]GDRGEAGAAGPAGPAGPR
17291,20230731_017_S542993_OAK_G18,3,29500,GAP[UNIMOD:35]GAVGAP[UNIMOD:35]GPAGAN[UNIMOD:7]GDRGEAGAAGPAGPAGPR
19570,20230731_023_S542997_VR001_496,2,33842,TGEP[UNIMOD:35]GAAGPP[UNIMOD:35]GFVGEK
26300,20230731_023_S542997_VR001_496,2,47366,GEAGPAGPAGPIGPVGAR
23850,20230731_023_S542997_VR001_496,3,41989,SGDRGEAGPAGPAGPIGPVGAR
26953,20230731_023_S542997_VR001_496,3,49002,INEIN[UNIMOD:7]N[UNIMOD:7]Q[UNIMOD:7]SLP[UNIMOD:35]Q[UNIMOD:7]EIAR
19466,20230731_023_S542997_VR001_496,2,33740,TPEVDN[UNIMOD:7]EALEK
31106,20230731_023_S542997_VR001_496,3,57049,TPEVDN[UNIMOD:7]EALEKFDK
28168,20230731_023_S542997_VR001_496,2,51186,VSPAVFVSR
30125,20230731_023_S542997_VR001_496,2,55093,TPLPLAGPPR
26588,20230731_026_S542998_VR005_3091,3,47578,GNDGATGAAGPP[UNIMOD:35]GPTGPAGPP[UNIMOD:35]GFP[UNIMOD:35]GAVGAKGEGGP[UNIMOD:35]QGP[UNIMOD:35]R
26868,20230731_026_S542998_VR005_3091,3,47851,GNDGATGAAGPP[UNIMOD:35]GPTGPAGPP[UNIMOD:35]GFP[UNIMOD:35]GAVGAKGEGGP[UNIMOD:35]QGP[UNIMOD:35]R
9678,20230731_026_S542998_VR005_3091,2,15107,SQ[UNIMOD:7]GAP[UNIMOD:35]GIQGM[UNIMOD:35]P[UNIMOD:35]GER
10870,20230731_026_S542998_VR005_3091,2,17267,SQ[UNIMOD:7]GAP[UNIMOD:35]GIQ[UNIMOD:7]GM[UNIMOD:35]P[UNIMOD:35]GER
26066,20230731_026_S542998_VR005_3091,2,47070,GEAGPAGPAGPIGPVGAR
5589,20230731_026_S542998_VR005_3091,3,7247,QDGRP[UNIMOD:35]GPP[UNIMOD:35]GPP[UNIMOD:35]GAR
5802,20230731_026_S542998_VR005_3091,3,7437,Q[UNIMOD:7]DGRP[UNIMOD:35]GPP[UNIMOD:35]GPP[UNIMOD:35]GAR
16926,20230731_026_S542998_VR005_3091,2,29169,GPP[UNIMOD:35]GESGAAGPTGP[UNIMOD:35]IGNR
16180,20230731_026_S542998_VR005_3091,2,27442,GSSGEAGSAGPAGPP[UNIMOD:35]GLR
35410,20230731_026_S542998_VR005_3091,2,65157,VNQEEVGGEALGR
35779,20230731_026_S542998_VR005_3091,2,65512,VNQ[UNIMOD:7]EEVGGEALGR
25292,20230731_026_S542998_VR005_3091,2,45315,VGLPIN[UNIMOD:7]QR
24953,20230731_026_S542998_VR005_3091,2,43985,VGLPINQ[UNIMOD:7]R
22475,20230731_026_S542998_VR005_3091,2,39578,FQ[UNIMOD:7]YIEGEM[UNIMOD:35]R
27792,20230731_027_S542999_VR005_3092,3,51161,GNDGATGAAGPP[UNIMOD:35]GPTGPAGPP[UNIMOD:35]GFP[UNIMOD:35]GAVGAKGEGGP[UNIMOD:35]QGP[UNIMOD:35]R
10635,20230731_027_S542999_VR005_3092,3,17434,TGPP[UNIMOD:35]GP[UNIMOD:35]AGQ[UNIMOD:7]DGRP[UNIMOD:35]GPP[UNIMOD:35]GPPGSR
8925,20230731_027_S542999_VR005_3092,3,13767,TGPP[UNIMOD:35]GPAGQ[UNIMOD:7]DGRP[UNIMOD:35]GPPGP[UNIMOD:35]P[UNIMOD:35]GSR
31392,20230731_027_S542999_VR005_3092,3,57671,GLTGPIGPP[UNIMOD:35]GPAGAP[UNIMOD:35]GDKGESGPN[UNIMOD:7]GPAGPTGAR
31451,20230731_027_S542999_VR005_3092,2,57729,GLTGPIGPP[UNIMOD:35]GPAGAPGDKGESGP[UNIMOD:35]N[UNIMOD:7]GPAGPTGAR
10966,20230731_027_S542999_VR005_3092,3,17757,GEPGAVGQP[UNIMOD:35]GPP[UNIMOD:35]GPSGEEGKR
11838,20230731_027_S542999_VR005_3092,3,19607,GEPGAVGQ[UNIMOD:7]P[UNIMOD:35]GPP[UNIMOD:35]GPSGEEGKR
21490,20230731_027_S542999_VR005_3092,3,39017,GSTGEIGPAGPP[UNIMOD:35]GPP[UNIMOD:35]GLRGNP[UNIMOD:35]GSR
8377,20230731_027_S542999_VR005_3092,3,13233,AGEKGHAGLAGPR
22367,20230731_027_S542999_VR005_3092,2,39872,NIGFP[UNIMOD:35]GPK
41580,20230731_027_S542999_VR005_3092,3,77602,HGEYGFQ[UNIMOD:7]NALIVR
22707,20230731_027_S542999_VR005_3092,2,41204,VGSHAAEYGAEALER
22423,20230731_027_S542999_VR005_3092,3,39927,VGSHAAEYGAEALER
43114,20230731_027_S542999_VR005_3092,2,81097,IQ[UNIMOD:7]VVVLPGATTPPVR
30004,20230731_027_S542999_VR005_3092,2,55318,Q[UNIMOD:7]VLLN[UNIMOD:7]GVQ[UNIMOD:7]PSR
41122,20230731_027_S542999_VR005_3092,3,77156,FHEVPELEPM[UNIMOD:35]GPVCPFR
6465,20230907_020_S560305_KBB_A3_2_JS057,2,7296,GPSGPQ[UNIMOD:7]GAGGAPGP[UNIMOD:35]K
5965,20230907_020_S560305_KBB_A3_2_JS057,2,5847,GPSGPQGAGGAPGP[UNIMOD:35]K
9916,20230907_020_S560305_KBB_A3_2_JS057,2,13545,GFP[UNIMOD:35]GADGAAGGK
7166,20230907_020_S560305_KBB_A3_2_JS057,2,7950,GPAGAQGAVGAP[UNIMOD:35]GP[UNIMOD:35]K
8849,20230907_022_S560307_KBB_B43_JS079,2,11992,ETQGELQ[UNIMOD:7]TR
9744,20230907_022_S560307_KBB_B43_JS079,2,13863,ETQ[UNIMOD:7]GELQ[UNIMOD:7]TR
28711,20230907_022_S560307_KBB_B43_JS079,2,51300,QGVN[UNIMOD:7]PAP[UNIMOD:35]DGLR
29624,20230907_022_S560307_KBB_B43_JS079,2,53185,Q[UNIMOD:7]GVN[UNIMOD:7]PAP[UNIMOD:35]DGLR
18221,20230907_026_S560309_KBB_C4_JS074,2,29246,IGQ[UNIMOD:7]P[UNIMOD:35]GAVGPAGIR
12516,20230907_027_S560310_KBB_C4789_JS077,3,19715,GETGLRGDIGSP[UNIMOD:35]GR
23833,20230907_027_S560310_KBB_C4789_JS077,2,41733,IGQ[UNIMOD:7]PGAVGPAGIR
19738,20230907_027_S560310_KBB_C4789_JS077,2,33754,IGQP[UNIMOD:35]GAVGPAGIR
29724,20230907_027_S560310_KBB_C4789_JS077,2,53473,ALPAAAIEGPAYN[UNIMOD:7]R
19007,20230907_027_S560310_KBB_C4789_JS077,3,33042,AEPTKIEAFR
19050,20230907_027_S560310_KBB_C4789_JS077,2,33084,AEPTKIEAFR
26445,20230907_027_S560310_KBB_C4789_JS077,3,47278,SNAPILVDGKDVM[UNIMOD:35]PEVNR
17128,20230907_027_S560310_KBB_C4789_JS077,2,29211,AGYGDGLGGSGGVDSGAK
19502,20230907_027_S560310_KBB_C4789_JS077,3,33524,EVQTNN[UNIMOD:7]LKEVVNK
24471,20230907_028_S560311_KBB_G5_JS119,2,43521,GEP[UNIMOD:35]GPVGAVGPAGAVGPR
19389,20230907_028_S560311_KBB_G5_JS119,3,33587,GVAGEP[UNIMOD:35]GRN[UNIMOD:7]GLP[UNIMOD:35]GGPGLR
9212,20230907_032_S560313_KBB_G74_JS026,2,13149,GVQGPSGPAGPR
10252,20230907_032_S560313_KBB_G74_JS026,2,15142,GVQ[UNIMOD:7]GPSGPAGPR
6730,20230907_032_S560313_KBB_G74_JS026,2,7756,GVQGP[UNIMOD:35]SGPAGPR
8452,20230907_032_S560313_KBB_G74_JS026,3,11424,TGPP[UNIMOD:35]GPAGQ[UNIMOD:7]DGRP[UNIMOD:35]GPGP[UNIMOD:35]P[UNIMOD:35]GSR
15595,20230907_032_S560313_KBB_G74_JS026,3,25303,GAPGADGPAGSPGSP[UNIMOD:35]GPQGIAGQR
15632,20230907_032_S560313_KBB_G74_JS026,2,25339,GAPGADGPAGSPGSP[UNIMOD:35]GPQGIAGQR
19644,20230907_032_S560313_KBB_G74_JS026,2,33210,IGQ[UNIMOD:7]P[UNIMOD:35]GAVGPAGIR
16331,20230907_032_S560313_KBB_G74_JS026,2,27012,SGETGASGPP[UNIMOD:35]GFVGEK
20984,20230907_034_S560315_KBB_J7_JS121,2,33884,GEP[UNIMOD:35]GPVGAVGPAGAVGPR
20774,20230907_034_S560315_KBB_J7_JS121,2,33698,GEP[UNIMOD:35]GPVGAVGPAGAVGPR
21562,20230908_004_S561072_090_Beth,3,37009,KQISQLQQSISDAEQR
21702,20230908_004_S561072_090_Beth,3,37145,KQISQLQQSISDAEQR
6784,20230908_004_S561072_090_Beth,3,7619,KQLDTLANDKGR
6800,20230908_004_S561072_090_Beth,3,7634,KQLDTLANDKGR
41471,20230908_004_S561072_090_Beth,2,75406,APFASIVAGIGGQ
41531,20230908_004_S561072_090_Beth,2,75465,APFASIVAGIGGQ
12531,20230908_014_S561078_099_D3_DONKEY_1,2,19234,LIVTQTM[UNIMOD:35]K
22059,20230908_014_S561078_099_D3_DONKEY_1,2,37503,VLVLDTDYKK
22018,20230908_014_S561078_099_D3_DONKEY_1,3,37463,VLVLDTDYKK
16964,20230908_014_S561078_099_D3_DONKEY_1,2,27553,TPEVDDEALEK
43383,20230908_014_S561078_099_D3_DONKEY_1,2,78965,FFVAPFPEVFGK
31143,20230908_014_S561078_099_D3_DONKEY_1,2,55354,VPQLEIVPNSAEER
36862,20230908_014_S561078_099_D3_DONKEY_1,2,65918,FALPQYLK
28247,20230908_014_S561078_099_D3_DONKEY_1,2,49532,NAVPITPTLNR
15739,20230908_014_S561078_099_D3_DONKEY_1,2,25360,VLPVPQK
43402,20230908_014_S561078_099_D3_DONKEY_1,2,78983,DMP[UNIMOD:35]IQAFLLYQEPVLGPVR
27601,20230908_014_S561078_099_D3_DONKEY_1,2,47903,QGVN[UNIMOD:7]PAP[UNIMOD:35]DGLR
27881,20230908_014_S561078_099_D3_DONKEY_1,2,49175,QGVN[UNIMOD:7]PAP[UNIMOD:35]DGLR
26723,20230908_014_S561078_099_D3_DONKEY_1,2,47047,IAYSIDAKAR
27040,20230908_014_S561078_099_D3_DONKEY_1,2,47356,IAYSIDAKAR
10077,20230908_011_S561077_098_D4_DONKEY_1,3,13991,NKYEEEINKR
9830,20230908_011_S561077_098_D4_DONKEY_1,3,13751,NKYEEEINKR
7675,20230908_011_S561077_098_D4_DONKEY_1,3,9650,N[UNIMOD:7]KYEEEINKR
36795,20230908_011_S561077_098_D4_DONKEY_1,3,67028,DVDNAYLNKVELQ[UNIMOD:7]AK
38093,20230908_011_S561077_098_D4_DONKEY_1,2,69290,DVDNAYLN[UNIMOD:7]KVELQ[UNIMOD:7]AK
30084,20230908_011_S561077_098_D4_DONKEY_1,3,53487,KDVDNAYLNKVELQ[UNIMOD:7]AK
36191,20230908_011_S561077_098_D4_DONKEY_1,2,65439,TDVGPSYSGWQVLDATPQER
32657,20230908_011_S561077_098_D4_DONKEY_1,2,57995,TDVGPSYSGWQ[UNIMOD:7]VLDATPQER
24665,20230908_027_S561087_124_GLENTYRE_CAVE,2,39993,QGVN[UNIMOD:7]PAP[UNIMOD:35]DGLR
25563,20230908_027_S561087_124_GLENTYRE_CAVE,2,41845,Q[UNIMOD:7]GVN[UNIMOD:7]PAP[UNIMOD:35]DGLR
33792,20230908_002_S561070_014_HAAS_E7_3-5,2,59977,M[UNIMOD:35]FLGFPTTK
28643,20230908_002_S561070_014_HAAS_E7_3-5,2,49958,VGGN[UNIMOD:7]AGEFGAEALER
9371,20230908_002_S561070_014_HAAS_E7_3-5,2,13195,DP[UNIMOD:35]AEDLGAAPSGR
9654,20230908_002_S561070_014_HAAS_E7_3-5,2,13471,DP[UNIMOD:35]AEDLGAAPSGR
10906,20230908_002_S561070_014_HAAS_E7_3-5,2,15692,DP[UNIMOD:35]AEDLGAAPSGR
14079,20230908_021_S561083_065_KBB_H5_3,2,21927,GEAESWYQTK
16122,20230908_021_S561083_065_KBB_H5_3,2,25918,GEAESWYQTK
9994,20230908_029_S561089_066_KBB_H5_4,3,13594,GDAGAP[UNIMOD:35]GAP[UNIMOD:35]GNQGAP[UNIMOD:35]GLQGM[UNIMOD:35]P[UNIMOD:35]GER
20164,20230908_029_S561089_066_KBB_H5_4,2,33442,GDAGAPGSAGPTGPPGP[UNIMOD:35]IGNVGAPGP[UNIMOD:35]K
18413,20230908_029_S561089_066_KBB_H5_4,3,29794,GEP[UNIMOD:35]GDAGAKGDAGAPGSAGPTGPP[UNIMOD:35]GPIGNVGAPGP[UNIMOD:35]K
19276,20230908_029_S561089_066_KBB_H5_4,3,31635,GEP[UNIMOD:35]GDAGAKGDAGAPGSAGPTGPP[UNIMOD:35]GPIGN[UNIMOD:7]VGAPGP[UNIMOD:35]K
21169,20230908_029_S561089_066_KBB_H5_4,3,35406,GEP[UNIMOD:35]GDAGAKGTGPP[UNIMOD:35]GPIGN[UNIMOD:7]VGAPGP[UNIMOD:35]K
19937,20230908_029_S561089_066_KBB_H5_4,3,33257,GEPGDAGAKGTGPP[UNIMOD:35]GPIGNVGAP[UNIMOD:35]GP[UNIMOD:35]K
7847,20230908_017_S561081_109_OAK_DOG_0-9_18_19OES,3,9666,TGPP[UNIMOD:35]GPAGQDGRPGPP[UNIMOD:35]GPP[UNIMOD:35]GAR
7606,20230908_017_S561081_109_OAK_DOG_0-9_18_19OES,3,9432,TGPP[UNIMOD:35]GPAGQ[UNIMOD:7]DGRP[UNIMOD:35]GPPGP[UNIMOD:35]P[UNIMOD:35]GAR
7880,20230908_017_S561081_109_OAK_DOG_0-9_18_19OES,3,9698,TGPP[UNIMOD:35]GPAGQ[UNIMOD:7]DGRP[UNIMOD:35]GP[UNIMOD:35]PGP[UNIMOD:35]PGAR
10189,20230908_017_S561081_109_OAK_DOG_0-9_18_19OES,3,13945,GDAGAP[UNIMOD:35]GAP[UNIMOD:35]GNQGAP[UNIMOD:35]GLQGM[UNIMOD:35]P[UNIMOD:35]GER
9614,20230908_017_S561081_109_OAK_DOG_0-9_18_19OES,3,13385,GDAGAP[UNIMOD:35]GAP[UNIMOD:35]GNQGAP[UNIMOD:35]GLQGM[UNIMOD:35]P[UNIMOD:35]GER
18549,20230908_017_S561081_109_OAK_DOG_0-9_18_19OES,3,31087,GEP[UNIMOD:35]GDAGAKGDAGAPGSAGPTGPP[UNIMOD:35]GPIGNVGAP[UNIMOD:35]GPK
19411,20230908_017_S561081_109_OAK_DOG_0-9_18_19OES,3,31927,GEP[UNIMOD:35]GDAGAKGDAGAPGSAGPTGPP[UNIMOD:35]GPIGN[UNIMOD:7]VGAP[UNIMOD:35]GPK
7172,20230908_017_S561081_109_OAK_DOG_0-9_18_19OES,2,9009,GPSGPQ[UNIMOD:7]GPSGAP[UNIMOD:35]GPK
20373,20230908_017_S561081_109_OAK_DOG_0-9_18_19OES,3,33809,GEP[UNIMOD:35]GDAGAKGTGPP[UNIMOD:35]GPIGNVGAPGP[UNIMOD:35]K
20115,20230908_017_S561081_109_OAK_DOG_0-9_18_19OES,3,33593,GEP[UNIMOD:35]GDAGAKGTGPP[UNIMOD:35]GPIGNVGAP[UNIMOD:35]GP[UNIMOD:35]K
11289,20230908_017_S561081_109_OAK_DOG_0-9_18_19OES,2,17015,AGVM[UNIMOD:35]GIP[UNIMOD:35]GSR
19769,20230908_017_S561081_109_OAK_DOG_0-9_18_19OES,4,33276,GPSGPAGPDGN[UNIMOD:7]KGEP[UNIMOD:35]GVVGAP[UNIMOD:35]GTAGPSGPSGIP[UNIMOD:35]GER
19162,20230908_017_S561081_109_OAK_DOG_0-9_18_19OES,3,31684,GPSGPAGP[UNIMOD:35]DGNKGEP[UNIMOD:35]GVVGAP[UNIMOD:35]GTAGPSGPSGIP[UNIMOD:35]GER
19245,20230908_017_S561081_109_OAK_DOG_0-9_18_19OES,2,31765,IGQ[UNIMOD:7]P[UNIMOD:35]GAVGPAGIR
19225,20230908_017_S561081_109_OAK_DOG_0-9_18_19OES,2,31746,IGQ[UNIMOD:7]P[UNIMOD:35]GAVGPAGIR
13699,20230908_017_S561081_109_OAK_DOG_0-9_18_19OES,2,21364,GSSGEAGSAGPAGPP[UNIMOD:35]GLR
17170,20230908_017_S561081_109_OAK_DOG_0-9_18_19OES,3,27743,GPPGATGPP[UNIMOD:35]GSP[UNIMOD:35]GFQGPP[UNIMOD:35]GEP[UNIMOD:35]GEP[UNIMOD:35]GQTGPAGSR
13972,20230908_017_S561081_109_OAK_DOG_0-9_18_19OES,3,21630,GAP[UNIMOD:35]GAVGAP[UNIMOD:35]GPAGAN[UNIMOD:7]GDRGEAGAAGP[UNIMOD:35]AGPAGPR
13347,20230908_017_S561081_109_OAK_DOG_0-9_18_19OES,3,21021,GAP[UNIMOD:35]GAVGAP[UNIMOD:35]GPAGANGDRGEAGAAGPAGPAGP[UNIMOD:35]R
20785,20230908_017_S561081_109_OAK_DOG_0-9_18_19OES,2,35210,GPPGPM[UNIMOD:35]GPPGLAGAP[UNIMOD:35]GEPGR
21673,20230908_017_S561081_109_OAK_DOG_0-9_18_19OES,2,37050,GPP[UNIMOD:35]GPM[UNIMOD:35]GPPGLAGAPGEPGR
18464,20230908_017_S561081_109_OAK_DOG_0-9_18_19OES,2,31004,GAAGTP[UNIMOD:35]GVAGAP[UNIMOD:35]GFPGP[UNIMOD:35]R
5924,20230908_017_S561081_109_OAK_DOG_0-9_18_19OES,2,5809,GPAGASGPAGPR
33672,20230908_022_S561084_103_OAK_DOG_18-27_56,2,59776,GEVGLP[UNIMOD:35]GLSGPVGPP[UNIMOD:35]GNP[UNIMOD:35]GAN[UNIMOD:7]GLP[UNIMOD:35]GAK
20040,20230908_022_S561084_103_OAK_DOG_18-27_56,2,33687,IGQ[UNIMOD:7]P[UNIMOD:35]GAVGPAGIR
6652,20230908_022_S561084_103_OAK_DOG_18-27_56,3,7677,GEP[UNIMOD:35]GAHGAAGSP[UNIMOD:35]GLAGSR
13026,20230908_022_S561084_103_OAK_DOG_18-27_56,2,19856,LIVTQTM[UNIMOD:35]K
22261,20230908_022_S561084_103_OAK_DOG_18-27_56,2,37786,VLVLDTDYKK
17364,20230908_022_S561084_103_OAK_DOG_18-27_56,2,29079,TPEVDDEALEK
26547,20230908_022_S561084_103_OAK_DOG_18-27_56,3,45941,TPEVDDEALEKFDK
36285,20230908_022_S561084_103_OAK_DOG_18-27_56,2,65148,FALPQYLK
25094,20230908_022_S561084_103_OAK_DOG_18-27_56,2,43530,NAVPITPTLNR
19517,20230908_016_S561080_108_OAK_DOG_27-36_14-17OES,2,33080,IGQ[UNIMOD:7]P[UNIMOD:35]GAVGPAGIR
16099,20230908_016_S561080_108_OAK_DOG_27-36_14-17OES,2,25755,SGETGASGPP[UNIMOD:35]GFVGEK
21672,20230908_016_S561080_108_OAK_DOG_27-36_14-17OES,2,37156,GSTGEIGPAGPPGP[UNIMOD:35]P[UNIMOD:35]GLR
12394,20230908_016_S561080_108_OAK_DOG_27-36_14-17OES,2,19152,LIVTQTM[UNIMOD:35]K
21853,20230908_016_S561080_108_OAK_DOG_27-36_14-17OES,3,37333,VLVLDTDYKK
27711,20230908_026_S561086_111_OAK_DOG_74_2021OES,2,47952,GFP[UNIMOD:35]GLP[UNIMOD:35]GPAGEVGK
25238,20230908_026_S561086_111_OAK_DOG_74_2021OES,2,43542,GFPGIP[UNIMOD:35]GPSGEP[UNIMOD:35]GK
12093,20230908_026_S561086_111_OAK_DOG_74_2021OES,2,17748,GPP[UNIMOD:35]GAVGAP[UNIMOD:35]GVN[UNIMOD:7]GAP[UNIMOD:35]GETGR
12694,20230908_026_S561086_111_OAK_DOG_74_2021OES,2,19334,GPP[UNIMOD:35]GAVGAP[UNIMOD:35]GVN[UNIMOD:7]GAP[UNIMOD:35]GETGR
12523,20230908_026_S561086_111_OAK_DOG_74_2021OES,2,19167,LIVTQTM[UNIMOD:35]K
21928,20230908_026_S561086_111_OAK_DOG_74_2021OES,2,37318,VLVLDTDYKK
21886,20230908_026_S561086_111_OAK_DOG_74_2021OES,3,37277,VLVLDTDYKK
16974,20230908_026_S561086_111_OAK_DOG_74_2021OES,2,27505,TPEVDDEALEK
36600,20230908_026_S561086_111_OAK_DOG_74_2021OES,2,65597,FALPQYLK
24724,20230908_026_S561086_111_OAK_DOG_74_2021OES,2,43041,NAVPITPTLNR
28030,20230908_026_S561086_111_OAK_DOG_74_2021OES,2,49263,ALNEINQFYQK
43163,20230908_026_S561086_111_OAK_DOG_74_2021OES,2,77855,FFVAPFPEVFGK
30901,20230908_026_S561086_111_OAK_DOG_74_2021OES,2,55060,VPQLEIVPNSAEER
9455,20230908_022_S561084_103_OAK_DOG_18-27_56,2,13380,SQ[UNIMOD:7]GAP[UNIMOD:35]GIQ[UNIMOD:7]GM[UNIMOD:35]P[UNIMOD:35]GER
9044,20230908_003_S561071_085_Oak_Gr_1_12,2,11908,SQ[UNIMOD:7]GAP[UNIMOD:35]GIQ[UNIMOD:7]GM[UNIMOD:35]P[UNIMOD:35]GER
9307,20230908_003_S561071_085_Oak_Gr_1_12,2,13162,SQ[UNIMOD:7]GAP[UNIMOD:35]GIQ[UNIMOD:7]GM[UNIMOD:35]P[UNIMOD:35]GER
7763,20230908_003_S561071_085_Oak_Gr_1_12,3,9677,TGPP[UNIMOD:35]GP[UNIMOD:35]AQDGRP[UNIMOD:35]GPP[UNIMOD:35]GPP[UNIMOD:35]GAR
8019,20230908_003_S561071_085_Oak_Gr_1_12,3,9922,TGPP[UNIMOD:35]GP[UNIMOD:35]AQDGRP[UNIMOD:35]GPP[UNIMOD:35]GPP[UNIMOD:35]GAR
21633,20230908_005_S561073_093_VR_005_-196,2,35920,VLVLDTDYKK
24525,20230908_005_S561073_093_VR_005_-196,2,41732,NAVPITPTLNR
27839,20230908_005_S561073_093_VR_005_-196,2,47963,ALNEINQFYQK
25043,20230908_009_S561075_096_VR_005_285,2,41919,IAYSIDAKAR
20592,20230908_010_S561076_097_VR_005_302,2,35188,IGQPGAVGPAGIR
6981,20230908_010_S561076_097_VR_005_302,3,7924,ILAN[UNIMOD:7]KAENAR
33072,20230908_010_S561076_097_VR_005_302,2,59350,DVEEWYIR
42559,20230908_010_S561076_097_VR_005_302,2,77598,LGNVLVVVLAR
42946,20230908_010_S561076_097_VR_005_302,2,77975,LGN[UNIMOD:7]VLVVVLAR
26899,20230908_010_S561076_097_VR_005_302,2,47332,IAYSIDAKAR
27471,20230908_008_S561074_094_VR_005_SQ,3,47911,GLTGPIGPPGP[UNIMOD:35]AGAP[UNIMOD:35]GDKGESGP[UNIMOD:35]NGPAGPTGAR
10716,20230908_008_S561074_094_VR_005_SQ,3,15577,GSNGAPGNDGAKGDAGAP[UNIMOD:35]GAP[UNIMOD:35]GSQGAP[UNIMOD:35]GLQGM[UNIMOD:35]P[UNIMOD:35]GER
7215,20230908_008_S561074_094_VR_005_SQ,3,9164,TGPP[UNIMOD:35]GPAGQDGRP[UNIMOD:35]GP[UNIMOD:35]P[UNIMOD:35]GP[UNIMOD:35]PGSR
7213,20230908_008_S561074_094_VR_005_SQ,3,9162,TGPP[UNIMOD:35]GPAGQDGRP[UNIMOD:35]GPP[UNIMOD:35]GPP[UNIMOD:35]GSR
13518,20230908_008_S561074_094_VR_005_SQ,3,21309,GEPGPPGPAGATGPAGNP[UNIMOD:35]GADGQ[UNIMOD:7]PGAK
11627,20230908_008_S561074_094_VR_005_SQ,3,17466,GEPGPPGPAGATGPAGNP[UNIMOD:35]GADGQ[UNIMOD:7]P[UNIMOD:35]GAK
16661,20230908_008_S561074_094_VR_005_SQ,2,27373,SGETGASGPP[UNIMOD:35]GFVGEK
15455,20230908_008_S561074_094_VR_005_SQ,2,25197,GPP[UNIMOD:35]GESGAAGPTGP[UNIMOD:35]IGNR
15659,20230908_008_S561074_094_VR_005_SQ,3,25396,IAAVGPRPLR
39978,20230908_008_S561074_094_VR_005_SQ,2,73102,ILN[UNIMOD:7]DRFASFIDK
40305,20230908_008_S561074_094_VR_005_SQ,3,73421,VLAAFSEGLSHLDNLK
29996,20230908_008_S561074_094_VR_005_SQ,2,53372,VGGN[UNIMOD:7]AGAFGAEALER
44016,20230908_008_S561074_094_VR_005_SQ,2,80794,FVVAPFPEVFR
19332,20230908_008_S561074_094_VR_005_SQ,2,31977,FQYIEGEM[UNIMOD:35]R
20416,20230908_008_S561074_094_VR_005_SQ,2,35034,FQ[UNIMOD:7]YIEGEM[UNIMOD:35]R
30953,20230731_002_S540563_ABB,2,55616,QGVN[UNIMOD:7]PAP[UNIMOD:35]DGLR
31035,20230731_002_S540563_ABB,2,55696,Q[UNIMOD:7]GVN[UNIMOD:7]PAP[UNIMOD:35]DGLR
26048,20230731_002_S540563_ABB,2,45835,LAVN[UNIMOD:7]ADINGLR
22713,20230731_002_S540563_ABB,2,39629,LAVN[UNIMOD:7]ADIN[UNIMOD:7]GLR
18411,20230731_002_S540563_ABB,3,31458,SPAVSGHSSPATLN[UNIMOD:7]SR
19630,20230731_002_S540563_ABB,3,33646,SPAVSGHSSPATLN[UNIMOD:7]SR
21404,20230908_004_S561072_090_Beth,3,35855,KQISQLQQSISDAEQR
21702,20230908_004_S561072_090_Beth,3,37145,KQISQLQQSISDAEQR
21947,20230908_004_S561072_090_Beth,3,37384,KQISQLQQSISDAEQR
41471,20230908_004_S561072_090_Beth,2,75406,APFASIVAGIGGQ
41531,20230908_004_S561072_090_Beth,2,75465,APFASIVAGIGGQ
28247,20230908_014_S561078_099_D3_DONKEY,2,49532,ALNEINQFYQK
24918,20230908_014_S561078_099_D3_DONKEY,2,43287,NAVPITPTLNR
21468,20230908_011_S561077_098_D4_DONKEY_1,3,37090,KQISQIQQSISDAEQR
8257,20230908_011_S561077_098_D4_DONKEY_1,3,11217,N[UNIMOD:7]KYEEEINKR
8585,20230908_011_S561077_098_D4_DONKEY_1,3,11537,N[UNIMOD:7]KYEEEINKR
28706,20230908_011_S561077_098_D4_DONKEY_1,2,51144,AENDFVVLK
29973,20230908_011_S561077_098_D4_DONKEY_1,2,53379,AENDFVVLK
21279,20230908_011_S561077_098_D4_DONKEY_1,3,35905,AENDFVVLKK
22897,20230908_011_S561077_098_D4_DONKEY_1,2,39482,AENDFVVLKK
24648,20230908_011_S561077_098_D4_DONKEY_1,2,43189,AENDFVVLKK
22699,20230908_011_S561077_098_D4_DONKEY_1,2,39289,AENDFVVLKK
23861,20230908_011_S561077_098_D4_DONKEY_1,2,41422,AWLEQEIATYR
24258,20230908_011_S561077_098_D4_DONKEY_1,2,41809,AWLEQEIATYR
16384,20230908_011_S561077_098_D4_DONKEY_1,2,27140,SGETGASGPP[UNIMOD:35]GFVGEK
19494,20230908_011_S561077_098_D4_DONKEY_1,2,33171,GEP[UNIMOD:35]GPAGAVGPAGAVGPR
22089,20230908_011_S561077_098_D4_DONKEY_1,2,37695,GSTGEIGPAGPP[UNIMOD:35]GPP[UNIMOD:35]GLR
12241,20230908_002_S561070_014_HAAS_E7_3-5,2,17993,SGQPGTVGPAGVR
10264,20230908_002_S561070_014_HAAS_E7_3-5,2,15066,SGQP[UNIMOD:35]GTVGPAGVR
34043,20230908_002_S561070_014_HAAS_E7_3-5,2,61221,M[UNIMOD:35]FLSFPTTK
34363,20230908_002_S561070_014_HAAS_E7_3-5,2,61533,M[UNIMOD:35]FLGFPTTK
43593,20230731_016_S542992_HAAS061,2,81478,MFLSFPTTK
25329,20230731_003_S540564_KBB_A3,2,45070,EVLSDVEDDKQK
28675,20230731_003_S540564_KBB_A3,2,51332,EVLSDVEDDKQK
12307,20230731_003_S540564_KBB_A3,2,19390,DP[UNIMOD:35]AEDLGAAPSGR
11252,20230731_003_S540564_KBB_A3,2,17364,DP[UNIMOD:35]AEDLGAAPSGR
9916,20230907_020_S560305_KBB_A3_2,2,13545,GFP[UNIMOD:35]GADGAAGGK
7166,20230907_020_S560305_KBB_A3_2,2,7950,GPAGAQGAVGAP[UNIMOD:35]GP[UNIMOD:35]K
9399,20230907_020_S560305_KBB_A3_2,2,13054,GATGPTGLR
7752,20230907_020_S560305_KBB_A3_2,2,9505,TGPIGM[UNIMOD:35]P[UNIMOD:35]GAR
11258,20230731_004_S540565_KBB_C4,2,17794,DP[UNIMOD:35]AEDLGAAPSGR
11552,20230731_004_S540565_KBB_C4,2,19080,DP[UNIMOD:35]AEDLGAAPSGR
11275,20230731_004_S540565_KBB_C4,2,17810,RSN[UNIMOD:7]GDGQ[UNIMOD:7]EGKP[UNIMOD:35]R
10968,20230731_004_S540565_KBB_C4,2,17511,RSN[UNIMOD:7]GDGQ[UNIMOD:7]EGKP[UNIMOD:35]R
17675,20230907_026_S560309_KBB_C4_JS074,2,27740,GEP[UNIMOD:35]GNIGFPGP[UNIMOD:35]K
18492,20230907_026_S560309_KBB_C4_JS074,2,29491,GDGGPP[UNIMOD:35]GATGFP[UNIMOD:35]GAAGR
13521,20230907_026_S560309_KBB_C4_JS074,2,19842,TGQP[UNIMOD:35]GAVGPAGIR
12246,20230907_026_S560309_KBB_C4_JS074,2,17640,GPP[UNIMOD:35]GESGAAGPAGP[UNIMOD:35]IGSR
19502,20230907_027_S560310_KBB_C4789_JS077,3,33524,EVQTNN[UNIMOD:7]LKEVVNK
42105,20230907_027_S560310_KBB_C4789_JS077,2,77320,NLVTETVM[UNIMOD:35]QM[UNIMOD:35]LVDVAK
39836,20230907_028_S560311_KBB_G5_JS119,3,73295,GAPGP[UNIMOD:35]QGPPGAPGPLGIAGLTGAR
37202,20230907_028_S560311_KBB_G5_JS119,3,67856,GAPGP[UNIMOD:35]QGP[UNIMOD:35]PGAP[UNIMOD:35]GPLGIAGLTGAR
8661,20230907_028_S560311_KBB_G5_JS119,3,13137,GERGEAGSP[UNIMOD:35]GIAGPK
14680,20230907_028_S560311_KBB_G5_JS119,2,23997,DGPP[UNIMOD:35]GPP[UNIMOD:35]GSNGAP[UNIMOD:35]GSP[UNIMOD:35]GISGPK
14609,20230731_008_S540567_KBB_H7,2,23939,LIVTQTM[UNIMOD:35]K
19792,20230731_008_S540567_KBB_H7,2,33992,TPEVDDEALEK
32202,20230731_008_S540567_KBB_H7,3,59059,TPEVDDEALEKFDK
28418,20230731_008_S540567_KBB_H7,2,51370,NAVPITPTLNR
32503,20230731_008_S540567_KBB_H7,2,59352,ALNEINQFYQK
13026,20230908_022_S561084_103_OAK_DOG_18-27_56,2,19856,LIVTQTM[UNIMOD:35]K
22261,20230908_022_S561084_103_OAK_DOG_18-27_56,2,37786,VLVLDTDYKK
17364,20230908_022_S561084_103_OAK_DOG_18-27_56,2,29079,TPEVDDEALEK
26547,20230908_022_S561084_103_OAK_DOG_18-27_56,3,45941,TPEVDDEALEKFDK
26580,20230908_022_S561084_103_OAK_DOG_18-27_56,3,45973,TPEVDDEALEKFDK
12394,20230908_016_S561080_108_OAK_DOG_27-36_14-17OES,2,19152,LIVTQTM[UNIMOD:35]K
21853,20230908_016_S561080_108_OAK_DOG_27-36_14-17OES,3,37333,VLVLDTDYKK
9292,20230908_026_S561086_111_OAK_DOG_74_2021OES,2,13019,ALPMHIR
12523,20230908_026_S561086_111_OAK_DOG_74_2021OES,2,19167,LIVTQTM[UNIMOD:35]K
21928,20230908_026_S561086_111_OAK_DOG_74_2021OES,2,37318,VLVLDTDYKK
21886,20230908_026_S561086_111_OAK_DOG_74_2021OES,3,37277,VLVLDTDYKK
16974,20230908_026_S561086_111_OAK_DOG_74_2021OES,2,27505,TPEVDDEALEK
43163,20230908_026_S561086_111_OAK_DOG_74_2021OES,2,77855,FFVAPFPEVFGK
30901,20230908_026_S561086_111_OAK_DOG_74_2021OES,2,55060,VPQLEIVPNSAEER
36600,20230908_026_S561086_111_OAK_DOG_74_2021OES,2,65597,FALPQYLK
37603,20230908_026_S561086_111_OAK_DOG_74_2021OES,2,67557,FALPQYLK
24724,20230908_026_S561086_111_OAK_DOG_74_2021OES,2,43041,NAVPITPTLNR
28030,20230908_026_S561086_111_OAK_DOG_74_2021OES,2,49263,ALNEINQFYQK
12784,20230731_021_S542995_OAK_G14_2,2,21121,ALPMHIR
13934,20230731_021_S542995_OAK_G14_2,2,23241,LIVTQTM[UNIMOD:35]K
25795,20230731_021_S542995_OAK_G14_2,3,45649,VLVLDTDYKK
50292,20230731_027_S542999_VR005_3092,3,91654,LLGN[UNIMOD:7]VLVVVLAR
47265,20230731_027_S542999_VR005_3092,2,89142,FFESFGDLSSADAILGNPK
40949,20230731_027_S542999_VR005_3092,2,75987,FLANVSTVLTSK
22707,20230731_027_S542999_VR005_3092,2,41204,VGSHAAEYGAEALER
22553,20230731_027_S542999_VR005_3092,2,41054,VGSHAAEYGAEALER
43743,20230908_008_S561074_094_VR_005_SQ,2,79771,YLGYLEQLLR
44016,20230908_008_S561074_094_VR_005_SQ,2,80794,FVVAPFPEVFR
12185,20230908_005_S561073_093_VR_005_-196,2,17732,LIVTQTM[UNIMOD:35]K
21588,20230908_005_S561073_093_VR_005_-196,2,35876,VLVLDTDYKK
21633,20230908_005_S561073_093_VR_005_-196,2,35920,VLVLDTDYKK
